Dataset 10 x,Dataset 10 y
1.697668562497E0,1.813050840099E-1
1.950557895194E0,6.108800416793E-1
2.177119784657E0,1.072096557114E0
2.324751443581E0,1.604428428776E0
2.507428472192E0,2.121026353493E0
2.593947814006E0,2.581687144532E0
2.922936656102E0,4.233786306604E0
