Dataset 5 x,Dataset 5 y
1.942450236038E0,1.564895809602E-1
2.470962853858E0,4.627717348112E-1
2.588944638420E0,1.177868083776E0
2.706375403330E0,1.684127984911E0
2.929368817586E0,2.198631987750E0
3.120636215767E0,2.688975898189E0
3.355582517842E0,3.733624384739E0
3.568763543692E0,4.529233181980E0
