Dataset 6 x,Dataset 6 y
1.971661643297E0,2.640545144804E-1
2.135467173372E0,4.429301533220E-1
2.290672913118E0,1.149914821124E0
2.378194207836E0,1.660988074957E0
2.744528895296E0,2.155025553663E0
2.831886384484E0,2.580919931857E0
3.016478836326E0,3.568994889267E0
3.248607652994E0,4.275979557070E0
3.287822696894E0,4.667802385009E0
