Dataset 4 x,Dataset 4 y
6.684792755788E-1,7.766990291262E-2
7.262999439881E-1,1.310679611650E-1
7.986487117252E-1,2.281553398058E-1
8.761319081404E-1,4.611650485437E-1
9.051997759522E-1,5.533980582524E-1
9.343143203884E-1,6.650485436893E-1
9.585628267364E-1,7.524271844660E-1
9.876773711725E-1,8.640776699029E-1
1.007141523525E0,9.611650485437E-1
1.021809652726E0,1.063106796117E0
1.072022031367E0,1.951456310680E0
