Dataset 4 x,Dataset 4 y
1.698375870070E0,2.232142857143E-1
2.171693735499E0,4.732142857143E-1
2.301624129930E0,9.821428571429E-1
2.505800464037E0,1.482142857143E0
2.598607888631E0,1.991071428571E0
2.672853828306E0,2.482142857143E0
2.784222737819E0,3.017857142857E0
2.960556844548E0,3.741071428571E0
3.174013921114E0,4.562500000000E0
3.192575406032E0,4.928571428571E0
