Dataset 8 x,Dataset 8 y
5.066204984382E0,4.764292830073E-1
3.701119737744E0,9.528585660145E-1
2.958374669055E0,1.529588750708E0
2.794414179764E0,1.930792357450E0
2.335585464320E0,2.457372091301E0
2.269852323134E0,2.958876599729E0
1.854688724971E0,3.510531559001E0
1.712588174002E0,3.861584714901E0
1.472085044964E0,4.513540575858E0
7.728627192101E-1,5.441323916451E0
4.011342490000E-1,6.544633834995E0
2.041976703874E-1,7.447341950166E0
