Dataset 7 x,Dataset 7 y
1.801418815137E0,4.764292830073E-1
1.473618307155E0,1.003009016857E0
1.298694993084E0,1.504513525286E0
1.134690696302E0,2.006018033715E0
1.079887524276E0,2.482447316722E0
9.920644554386E-1,3.560682009844E0
7.841760039192E-1,4.538615801280E0
6.745258523773E-1,5.591775268980E0
4.884863873076E-1,6.544633834995E0
3.461010876460E-1,7.547642851852E0
2.255647744341E-1,8.525576643288E0
9.407658831531E-2,9.578736110988E0
