Dataset 10 x,Dataset 10 y
1.280234511564E0,4.908884488237E-1
1.069045955216E0,1.044769843479E0
9.308699473991E-1,1.519419487767E0
7.603044325329E-1,1.954623453960E0
6.139910015798E-1,2.468818892277E0
5.810408452989E-1,3.121074203928E0
4.262055460223E-1,4.149124686387E0
3.443347396285E-1,5.157232074743E0
2.786747053087E-1,6.165299416725E0
1.806091453904E-1,7.153683966033E0
1.069238177810E-1,8.062956904095E0
