Dataset 9 x,Dataset 9 y
1.036200503239E1,3.009027050572E-1
7.795827884020E0,7.773319880645E-1
6.627273996700E0,1.278836496493E0
6.004670973803E0,1.780341004922E0
5.567680292936E0,2.306920738772E0
4.246271115452E0,2.783350021779E0
2.902991047772E0,3.335004981051E0
1.133683124005E0,4.312938772487E0
3.143187524594E-1,5.315947789344E0
