Dataset 5 x,Dataset 5 y
3.049044031812E0,2.371541501976E-1
4.689821075006E0,7.707509881423E-1
5.801467860664E0,1.284584980237E0
6.159769142147E0,1.778656126482E0
6.437282036739E0,2.351778656126E0
6.347241447576E0,2.747035573123E0
6.023520715198E0,3.695652173913E0
5.439621674095E0,4.743083003953E0
4.810968206292E0,5.691699604743E0
4.056665577745E0,6.739130434783E0
2.126642004126E0,8.715415019763E0
1.075542197323E0,1.069169960474E1
4.728019856923E-1,1.274703557312E1
